<?xml version="1.0" encoding="UTF-8"?>
<project-private xmlns="http://www.netbeans.org/ns/project-private/1">
    <editor-bookmarks xmlns="http://www.netbeans.org/ns/editor-bookmarks/2" lastBookmarkId="0"/>
    <open-files xmlns="http://www.netbeans.org/ns/projectui-open-files/2">
        <group>
            <file>file:/D:/file%20vari%20spostati/dekstoppp/tec/pratica/VERIFICA/es1/esVerifica1/src/esverifica1/Semaphore.java</file>
            <file>file:/D:/file%20vari%20spostati/dekstoppp/tec/pratica/VERIFICA/es1/esVerifica1/src/esverifica1/datiCondivisi.java</file>
            <file>file:/D:/file%20vari%20spostati/dekstoppp/tec/pratica/VERIFICA/es1/esVerifica1/src/esverifica1/EsVerifica1.java</file>
            <file>file:/D:/file%20vari%20spostati/dekstoppp/tec/pratica/VERIFICA/es1/esVerifica1/src/esverifica1/threadCani.java</file>
            <file>file:/D:/file%20vari%20spostati/dekstoppp/tec/pratica/VERIFICA/es1/esVerifica1/src/esverifica1/threadManichini.java</file>
        </group>
    </open-files>
</project-private>
