<?xml version="1.0" encoding="UTF-8"?>
<project-private xmlns="http://www.netbeans.org/ns/project-private/1">
    <editor-bookmarks xmlns="http://www.netbeans.org/ns/editor-bookmarks/2" lastBookmarkId="0"/>
    <open-files xmlns="http://www.netbeans.org/ns/projectui-open-files/2">
        <group>
            <file>file:/D:/file%20vari%20spostati/dekstoppp/tec/pratica/VERIFICA/es2/esVerifica2/src/esverifica2/threadCache.java</file>
            <file>file:/D:/file%20vari%20spostati/dekstoppp/tec/pratica/VERIFICA/es2/esVerifica2/src/esverifica2/EsVerifica2.java</file>
            <file>file:/D:/file%20vari%20spostati/dekstoppp/tec/pratica/VERIFICA/es2/esVerifica2/src/esverifica2/threadLeggi.java</file>
            <file>file:/D:/file%20vari%20spostati/dekstoppp/tec/pratica/VERIFICA/es2/esVerifica2/src/esverifica2/datiCondivisi.java</file>
            <file>file:/D:/file%20vari%20spostati/dekstoppp/tec/pratica/VERIFICA/es2/esVerifica2/src/esverifica2/threadVett.java</file>
            <file>file:/D:/file%20vari%20spostati/dekstoppp/tec/pratica/VERIFICA/es2/esVerifica2/src/esverifica2/threadGoogle.java</file>
        </group>
    </open-files>
</project-private>
